,Sire,breeding_year
0,Medaglia d'Oro,2016
1,Into Mischief,2016
2,Tapit,2016
3,American Pharoah,2016
4,Quality Road,2016
5,No Nay Never,2016
6,Street Sense,2016
7,Uncle Mo,2016
8,Hard Spun,2016
9,Curlin,2016
10,More Than Ready,2016
11,Ghostzapper,2016
12,Bernardini,2016
13,Gun Runner,2016
14,Omaha Beach,2016
15,Frankel (GB),2016
16,Kitten's Joy,2016
17,Audible,2016
18,City of Light,2016
19,Justify,2016
20,Candy Ride (ARG),2016
21,War Front,2016
22,Speightstown,2016
23,Flatter,2016
24,Mendelssohn,2016
25,Twirling Candy,2016
26,Blame,2016
27,Constitution,2016
28,Kantharos,2016
29,Connect,2016
30,Arrogate,2016
31,Munnings,2016
32,Bolt d'Oro,2016
33,Liam's Map,2016
34,Union Rags,2016
35,Nyquist,2016
36,Violence,2016
37,Catholic Boy,2016
38,Preservationist,2016
39,Mitole,2016
40,Galileo (IRE),2016
41,Kingman (GB),2016
42,Cairo Prince,2016
43,Practical Joke,2016
44,Vino Rosso,2016
45,Not This Time,2016
46,Runhappy,2016
47,Wootton Bassett (GB),2016
48,Distorted Humor,2016
49,Good Magic,2016
50,Frosted,2016
51,Catalina Cruiser,2016
52,Maclean's Music,2016
53,Malibu Moon,2016
54,Tonalist,2016
55,Caravaggio,2016
56,Maximus Mischief,2016
57,Lemon Drop Kid,2016
58,Calyx (GB),2016
59,West Coast,2016
60,Dialed In,2016
61,Collected,2016
62,Study of Man (IRE),2016
63,Accelerate,2016
64,Midshipman,2016
65,Bated Breath (GB),2016
66,Classic Empire,2016
67,Upstart,2016
68,American Freedom,2016
69,Laoban,2016
70,Yoshida (JPN),2016
71,Always Dreaming,2016
72,Army Mule,2016
73,Tiznow,2016
74,Midnight Lute,2016
75,Goldencents,2016
76,World of Trouble,2016
77,Mo Town,2016
78,Oscar Performance,2016
79,Flameaway,2016
80,Palace Malice,2016
81,Enticed,2016
82,English Channel,2016
83,Protonico,2016
84,Tapiture,2016
85,Street Boss,2016
86,Honor Code,2016
87,Karakontie (JPN),2016
88,Mastery,2016
89,Lookin At Lucky,2016
90,The Factor,2016
91,Star Guitar,2016
92,Ten Sovereigns (IRE),2016
93,Tapwrit,2016
94,Girvin,2016
95,Cloud Computing,2016
96,Jimmy Creed,2016
97,Demarchelier (GB),2016
98,Get Stormy,2016
99,First Samurai,2016
100,Air Force Blue,2016
101,Alternation,2016
102,Point of Entry,2016
103,Macho Uno,2016
104,Bee Jersey,2016
105,Good Samaritan,2016
106,Take Charge Indy,2016
107,Congrats,2016
108,Mor Spirit,2016
109,Cross Traffic,2016
110,Summer Front,2016
111,Sharp Azteca,2016
112,Khozan,2016
113,Mineshaft,2016
114,Divisidero,2016
115,Unified,2016
116,Solomini,2016
117,McCraken,2016
118,Speightster,2016
119,Outwork,2016
120,Paynter,2016
121,Bucchero,2016
122,Klimt,2016
123,Tourist,2016
124,Lord Nelson,2016
125,Copper Bullet,2016
126,Custom for Carlos,2016
127,Race Day,2016
128,Destin,2016
129,Gormley,2016
130,Qurbaan,2016
131,Lost Treasure (IRE),2016
132,Orb,2016
133,Coal Front,2016
134,Mr Speaker,2016
135,Cupid,2016
136,Mohaymen,2016
137,Mizzen Mast,2016
138,Creative Cause,2016
139,Competitive Edge,2016
140,Snow Trouble,2016
141,Noble Mission (GB),2016
142,Keen Ice,2016
143,Astern (AUS),2016
144,Broken Vow,2016
145,Central Banker,2016
146,Exaggerator,2016
147,Palace,2016
148,Sky Mesa,2016
149,Free Drop Billy,2016
150,Mucho Macho Man,2016
151,Leofric,2016
152,Anchor Down,2016
153,Fast Anna,2016
154,Wicked Strong,2016
155,Funtastic,2016
156,The Player,2016
157,Shaman Ghost,2016
158,Heart to Heart,2016
159,Hightail,2016
160,Midnight Storm,2016
161,Forever d'Oro,2016
162,Carpe Diem,2016
163,Firing Line,2016
164,What Now,2016
165,Brody's Cause,2016
166,Clubhouse Ride,2016
167,Oxbow,2016
168,Cinco Charlie,2016
169,Tale of Verve,2016
170,Outstrip (GB),2016
171,Temple City,2016
172,Charming Kitten,2016
173,Sky Kingdom,2016
174,Producer (GB),2016
175,Commissioner,2016
176,Jack Milton,2016
177,Real Solution,2016
178,Silent Name (JPN),2016
179,Frank Conversation,2016
180,Big Blue Kitten,2016
181,Far From Over,2016
182,Ransom the Moon,2016
183,Clearly Now,2016
184,Include,2016
185,Hit It a Bomb,2016
186,Union Jackson,2016
187,Optimizer,2016
188,Freud,2016
189,Will Take Charge,2016
190,St Patrick's Day,2016
191,Fed Biz,2016
192,Bal a Bali (BRZ),2016
193,Bellamy Road,2016
194,Flintshire (GB),2016
195,Stormy Atlantic,2016
196,Majestic City,2016
197,Tale of Ekati,2016
198,The Big Beast,2016
199,Curlin,2017
200,Into Mischief,2017
201,American Pharoah,2017
202,Not This Time,2017
203,Uncle Mo,2017
204,War Front,2017
205,Charlatan,2017
206,Nyquist,2017
207,Gun Runner,2017
208,Quality Road,2017
209,Tapit,2017
210,Essential Quality,2017
211,Justify,2017
212,Munnings,2017
213,Twirling Candy,2017
214,Candy Ride (ARG),2017
215,Good Magic,2017
216,Upstart,2017
217,Dubawi (IRE),2017
218,Constitution,2017
219,Maxfield,2017
220,Kingman (GB),2017
221,More Than Ready,2017
222,No Nay Never,2017
223,Medaglia d'Oro,2017
224,Siyouni (FR),2017
225,Oscar Performance,2017
226,Lord Kanaloa (JPN),2017
227,Wootton Bassett (GB),2017
228,Liam's Map,2017
229,Street Sense,2017
230,Authentic,2017
231,Blue Point (IRE),2017
232,Yaupon,2017
233,Army Mule,2017
234,Silver State,2017
235,Knicks Go,2017
236,Kitten's Joy,2017
237,Complexity,2017
238,Bolt d'Oro,2017
239,Maclean's Music,2017
240,Night of Thunder (IRE),2017
241,Practical Joke,2017
242,Starspangledbanner (AUS),2017
243,Ghostzapper,2017
244,Violence,2017
245,Speightstown,2017
246,McKinzie,2017
247,Tiz the Law,2017
248,Rock Your World,2017
249,Frosted,2017
250,City of Light,2017
251,Instagrand,2017
252,Omaha Beach,2017
253,Blame,2017
254,Hard Spun,2017
255,Flatter,2017
256,Tacitus,2017
257,Game Winner,2017
258,Vekoma,2017
259,Volatile,2017
260,Cupid,2017
261,Mitole,2017
262,Flameaway,2017
263,Tapiture,2017
264,Global Campaign,2017
265,Lookin At Lucky,2017
266,Modernist,2017
267,Vino Rosso,2017
268,Girvin,2017
269,Raging Bull (FR),2017
270,Collected,2017
271,Honor A. P.,2017
272,Connect,2017
273,Caravaggio,2017
274,Mendelssohn,2017
275,Maximus Mischief,2017
276,Audible,2017
277,Independence Hall,2017
278,War of Will,2017
279,Kantharos,2017
280,Ten Sovereigns (IRE),2017
281,Known Agenda,2017
282,Spun to Run,2017
283,Thousand Words,2017
284,Karakontie (JPN),2017
285,Union Rags,2017
286,Daredevil,2017
287,Win Win Win,2017
288,Divisidero,2017
289,Dialed In,2017
290,Invincible Spirit (IRE),2017
291,Cairo Prince,2017
292,Beau Liam,2017
293,Improbable,2017
294,Street Boss,2017
295,Preservationist,2017
296,Uncle Chuck,2017
297,Tom's d'Etat,2017
298,Mo Town,2017
299,Midshipman,2017
300,Classic Empire,2017
301,Runhappy,2017
302,Tonalist,2017
303,Lexitonian,2017
304,Maximum Security,2017
305,Cloud Computing,2017
306,Caracaro,2017
307,Mucho Macho Man,2017
308,Goldencents,2017
309,Enticed,2017
310,Country House,2017
311,Skipshot,2017
312,Higher Power,2017
313,Catalina Cruiser,2017
314,Star Guitar,2017
315,Midnight Lute,2017
316,West Coast,2017
317,Jimmy Creed,2017
318,Unified,2017
319,By My Standards,2017
320,Bee Jersey,2017
321,Catholic Boy,2017
322,Echo Town,2017
323,Promises Fulfilled,2017
324,Take Charge Indy,2017
325,The Factor,2017
326,Mo Forza,2017
327,Yoshida (JPN),2017
328,Copper Bullet,2017
329,Good Samaritan,2017
330,Code of Honor,2017
331,Tapwrit,2017
332,Outwork,2017
333,Leinster,2017
334,Silent Name (JPN),2017
335,Shancelot,2017
336,Creative Cause,2017
337,First Samurai,2017
338,Acclamation,2017
339,Sharp Azteca,2017
340,Honest Mischief,2017
341,Gift Box,2017
342,Harry's Holiday,2017
343,Astern (AUS),2017
344,Basin,2017
345,King for a Day,2017
346,Heart to Heart,2017
347,Seeking the Soul,2017
348,Core Beliefs,2017
349,Tale of Ekati,2017
350,Gormley,2017
351,Temple City,2017
352,Sea The Moon (GER),2017
353,Mr. Money,2017
354,Mor Spirit,2017
355,Wheresthemoneyjack,2017
356,Honor Code,2017
357,Notional,2017
358,Hit It a Bomb,2017
359,Get Stormy,2017
360,Forever d'Oro,2017
361,Mark Valeski,2017
362,Combatant,2017
363,Yorkton,2017
364,Ransom the Moon,2017
365,Paynter,2017
366,Funtastic,2017
367,Demarchelier (GB),2017
368,Cross Traffic,2017
369,World of Trouble,2017
370,Rowayton,2017
371,Leofric,2017
372,Lookin At Lee,2017
373,Protonico,2017
374,Summer Front,2017
375,Coal Front,2017
376,Instilled Regard,2017
377,Hightail,2017
378,Faversham,2017
379,Always Dreaming,2017
380,Accelerate,2017
381,Central Banker,2017
382,Will Take Charge,2017
383,Kobe's Back,2017
384,American Freedom,2017
385,Battalion Runner,2017
386,Into Mischief,2018
387,Uncle Mo,2018
388,Justify,2018
389,Tapit,2018
390,Good Magic,2018
391,Authentic,2018
392,War Front,2018
393,Maclean's Music,2018
394,More Than Ready,2018
395,Game Winner,2018
396,Practical Joke,2018
397,Munnings,2018
398,Gun Runner,2018
399,Twirling Candy,2018
400,McKinzie,2018
401,No Nay Never,2018
402,Curlin,2018
403,Medaglia d'Oro,2018
404,Not This Time,2018
405,Nyquist,2018
406,American Pharoah,2018
407,Quality Road,2018
408,Candy Ride (ARG),2018
409,Speightstown,2018
410,Constitution,2018
411,Kingman (GB),2018
412,Bolt d'Oro,2018
413,Street Sense,2018
414,Liam's Map,2018
415,Omaha Beach,2018
416,Vekoma,2018
417,Le Havre (IRE),2018
418,Audible,2018
419,War of Will,2018
420,Flatter,2018
421,Frankel (GB),2018
422,Volatile,2018
423,Bernardini,2018
424,Wootton Bassett (GB),2018
425,Instagrand,2018
426,Tiz the Law,2018
427,Distorted Humor,2018
428,City of Light,2018
429,Improbable,2018
430,Ghostzapper,2018
431,Complexity,2018
432,Violence,2018
433,Kitten's Joy,2018
434,Laoban,2018
435,Mendelssohn,2018
436,Union Rags,2018
437,Oscar Performance,2018
438,Instilled Regard,2018
439,Daredevil,2018
440,Global Campaign,2018
441,Frosted,2018
442,Collected,2018
443,Karakontie (JPN),2018
444,Hard Spun,2018
445,Caravaggio,2018
446,Blue Point (IRE),2018
447,Catalina Cruiser,2018
448,Churchill (IRE),2018
449,Malibu Moon,2018
450,Honor A. P.,2018
451,Hit It a Bomb,2018
452,Dialed In,2018
453,Classic Empire,2018
454,Blame,2018
455,Vino Rosso,2018
456,Maximum Security,2018
457,Without Parole (GB),2018
458,Cairo Prince,2018
459,English Channel,2018
460,Girvin,2018
461,Take Charge Indy,2018
462,Mitole,2018
463,Flameaway,2018
464,Higher Power,2018
465,Spun to Run,2018
466,Upstart,2018
467,Seeking the Soul,2018
468,Gift Box,2018
469,World of Trouble,2018
470,Promises Fulfilled,2018
471,Tom's d'Etat,2018
472,Street Boss,2018
473,Maximus Mischief,2018
474,Caracaro,2018
475,Mastery,2018
476,Army Mule,2018
477,Sky Mesa,2018
478,Jimmy Creed,2018
479,American Freedom,2018
480,Connect,2018
481,Tapiture,2018
482,Lookin At Lucky,2018
483,Preservationist,2018
484,Catholic Boy,2018
485,Win Win Win,2018
486,Tonalist,2018
487,Kantharos,2018
488,Divisidero,2018
489,Isotherm,2018
490,Goldencents,2018
491,Outwork,2018
492,Pinatubo (IRE),2018
493,Thousand Words,2018
494,Honest Mischief,2018
495,Midshipman,2018
496,The Factor,2018
497,Om,2018
498,Lord Nelson,2018
499,Shancelot,2018
500,Cupid,2018
501,Sottsass (FR),2018
502,Echo Town,2018
503,Mo Town,2018
504,Country House,2018
505,Sir Prancealot (IRE),2018
506,Midnight Lute,2018
507,Mineshaft,2018
508,Tapwrit,2018
509,Sharp Azteca,2018
510,Rowayton,2018
511,Hoppertunity,2018
512,Broken Vow,2018
513,Air Force Blue,2018
514,Brody's Cause,2018
515,Accelerate,2018
516,Speightster,2018
517,Unified,2018
518,Summer Front,2018
519,Get Stormy,2018
520,Copper Bullet,2018
521,Honor Code,2018
522,Yoshida (JPN),2018
523,Runhappy,2018
524,Funtastic,2018
525,Enticed,2018
526,Persian King (IRE),2018
527,Star Guitar,2018
528,Paynter,2018
529,Bee Jersey,2018
530,First Samurai,2018
531,Mucho Macho Man,2018
532,Cross Traffic,2018
533,Yorkton,2018
534,Astern (AUS),2018
535,Demarchelier (GB),2018
536,Solomini,2018
537,Pataky Kid,2018
538,Tale of Ekati,2018
539,West Coast,2018
540,Cloud Computing,2018
541,Point of Entry,2018
542,Clearly Now,2018
543,Mshawish,2018
544,Gormley,2018
545,Alternation,2018
546,Mor Spirit,2018
547,Shaman Ghost,2018
548,Calculator,2018
549,Qurbaan,2018
550,Roman Candle (GB),2018
551,Heart to Heart,2018
552,Midnight Storm,2018
553,Temple City,2018
554,Tourist,2018
555,Tale of Verve,2018
556,Free Drop Billy,2018
557,Flintshire (GB),2018
558,Court Vision,2018
559,Leofric,2018
560,Good Samaritan,2018
561,Gio Ponti,2018
562,Keen Ice,2018
563,Stay Thirsty,2018
564,Always Dreaming,2018
565,Creative Cause,2018
566,Khozan,2018
567,Street Strategy,2018
568,He Be Fire N Ice,2018
569,Tamarkuz,2018
570,Lone Sailor,2018
571,Stormy Atlantic,2018
572,Bravazo,2018
573,Raison d'Etat,2018
574,Real Solution,2018
575,Central Banker,2018
576,Klimt,2018
577,Congrats,2018
578,Silent Name (JPN),2018
579,Exaggerator,2018
580,Lost Treasure (IRE),2018
581,Clubhouse Ride,2018
582,Protonico,2018
583,Cajun Breeze,2018
584,Mr Speaker,2018
585,Alliance,2018
586,Algorithms,2018
587,Coal Front,2018
588,American Guru,2018
589,Ransom the Moon,2018
590,Gunnevera,2018
591,Jersey Town,2018
592,Texas Ryano,2018
593,Tapit,2019
594,Into Mischief,2019
595,Kitten's Joy,2019
596,Empire Maker,2019
597,More Than Ready,2019
598,Malibu Moon,2019
599,American Pharoah,2019
600,Curlin,2019
601,Medaglia d'Oro,2019
602,Lemon Drop Kid,2019
603,Street Sense,2019
604,Hard Spun,2019
605,Giant's Causeway,2019
606,Speightstown,2019
607,War Front,2019
608,Uncle Mo,2019
609,Pioneerof the Nile,2019
610,Bernardini,2019
611,Flatter,2019
612,Honor Code,2019
613,Runhappy,2019
614,Candy Ride (ARG),2019
615,Karakontie (JPN),2019
616,California Chrome,2019
617,Not This Time,2019
618,Frosted,2019
619,Ghostzapper,2019
620,Quality Road,2019
621,Tonalist,2019
622,Street Boss,2019
623,Tiznow,2019
624,Galileo (IRE),2019
625,Distorted Humor,2019
626,Exaggerator,2019
627,The Gurkha (IRE),2019
628,Tale of the Cat,2019
629,Flintshire (GB),2019
630,Air Force Blue,2019
631,Nyquist,2019
632,Lope de Vega (IRE),2019
633,Liam's Map,2019
634,Camelot (GB),2019
635,Union Rags,2019
636,No Nay Never,2019
637,Munnings,2019
638,Twirling Candy,2019
639,Dubawi (IRE),2019
640,Carpe Diem,2019
641,Bayern,2019
642,Will Take Charge,2019
643,Declaration of War,2019
644,Super Saver,2019
645,Blame,2019
646,Cairo Prince,2019
647,Elusive Quality,2019
648,Awesome Again,2019
649,Palace Malice,2019
650,Speightster,2019
651,Fast Anna,2019
652,The Factor,2019
653,Vancouver (AUS),2019
654,Upstart,2019
655,Kantharos,2019
656,Mshawish,2019
657,Constitution,2019
658,Dialed In,2019
659,Broken Vow,2019
660,Shackleford,2019
661,Maclean's Music,2019
662,Violence,2019
663,Outwork,2019
664,Tamarkuz,2019
665,Lookin At Lucky,2019
666,Mineshaft,2019
667,Tapiture,2019
668,Brody's Cause,2019
669,The Big Beast,2019
670,Cross Traffic,2019
671,Summer Front,2019
672,Animal Kingdom,2019
673,English Channel,2019
674,Goldencents,2019
675,Tourist,2019
676,Oasis Dream (GB),2019
677,Going Commando,2019
678,Orb,2019
679,Bodemeister,2019
680,Gleneagles (IRE),2019
681,Creative Cause,2019
682,Noble Mission (GB),2019
683,Lea,2019
684,Verrazano,2019
685,Midnight Lute,2019
686,Competitive Edge,2019
687,Hit It a Bomb,2019
688,Congrats,2019
689,Successful Appeal,2019
690,Fed Biz,2019
691,First Samurai,2019
692,Anchor Down,2019
693,Temple City,2019
694,Shanghai Bobby,2019
695,Overanalyze,2019
696,Flat Out,2019
697,Midshipman,2019
698,Frac Daddy,2019
699,Majesticperfection,2019
700,Point of Entry,2019
701,Sky Mesa,2019
702,Tapizar,2019
703,Macho Uno,2019
704,Optimizer,2019
705,Golden Horn (GB),2019
706,Sky Kingdom,2019
707,Daredevil,2019
708,Jimmy Creed,2019
709,Palace,2019
710,Dawn Approach (IRE),2019
711,Paynter,2019
712,Graydar,2019
713,Dominus,2019
714,Commissioner,2019
715,Gemologist,2019
716,Ironicus,2019
717,Oxbow,2019
718,Wicked Strong,2019
719,Magician (IRE),2019
720,Texas Red,2019
721,Mizzen Mast,2019
722,Tamayuz (GB),2019
723,Strong Mandate,2019
724,Get Stormy,2019
725,Khozan,2019
726,Algorithms,2019
727,Uncaptured,2019
728,Jersey Town,2019
729,Big Blue Kitten,2019
730,El Padrino,2019
731,Silent Name (JPN),2019
732,Include,2019
733,Dynamic Sky,2019
734,Mucho Macho Man,2019
735,Firing Line,2019
736,Stormy Atlantic,2019
737,Bellamy Road,2019
738,Flashback,2019
739,Laoban,2019
740,Effinex,2019
741,Jack Milton,2019
742,Gio Ponti,2019
743,Tale of Ekati,2019
744,Secret Circle,2019
745,Afleet Alex,2019
746,Alternation,2019
747,Mark Valeski,2019
748,Honorable Dillon,2019
749,Run Away and Hide,2019
750,Central Banker,2019
751,Trappe Shot,2019
752,Data Link,2019
753,Normandy Invasion,2019
754,Fort Larned,2019
755,Artie Schiller,2019
756,Half Ours,2019
757,Giant Surprise,2019
758,We Miss Artie,2019
759,Cinco Charlie,2019
760,Slumber (GB),2019
761,Too Much Bling,2019
762,Stay Thirsty,2019
763,Euroears,2019
764,Jump Start,2019
765,Danza,2019
766,Raison d'Etat,2019
767,Ami's Holiday,2019
768,War Dancer,2019
769,Aikenite,2019
770,Justin Phillip,2019
771,Producer (GB),2019
772,Revolutionary,2019
773,Not Bourbon,2019
774,Conveyance,2019
775,Morning Line,2019
776,Power Broker,2019
777,Birdstone,2019
778,Jess's Dream,2019
779,Grey Swallow (IRE),2019
780,Medal Count,2019
781,To Honor and Serve,2019
782,Hakassan (CHI),2019
783,Even the Score,2019
784,Tizway,2019
785,Race Day,2019
786,Itsmyluckyday,2019
787,Skipshot,2019
788,K One King,2019
789,Liaison,2019
790,Ride On Curlin,2019
791,Capo Bastone,2019
792,Holiday Promise,2019
793,Rousing Sermon,2019
794,Girolamo,2019
795,Americain,2019
796,Prayer for Relief,2019
797,Red Rocks (IRE),2019
798,Milwaukee Brew,2019
799,Silver Max,2019
800,Musketier (GER),2019
801,Treasure Beach (GB),2019
802,Northern Afleet,2019
803,Informed,2019
804,Protonico,2019
805,Astrology,2019
806,Circumference (IRE),2019
807,Acclamation,2019
808,Handsome Mike,2019
809,Notional,2019
810,Anthony's Cross,2019
811,Archarcharch,2019
812,Daaher,2019
813,Winslow Homer,2019
814,Emcee,2019
815,Giant Gizmo,2019
816,Can the Man,2019
817,Hat Trick (JPN),2019
818,Freud,2019
819,Pataky Kid,2019
820,Perfect Soul (IRE),2019
821,Grey Swallow,2019
822,Shakin It Up,2019
823,Uptowncharlybrown,2019
824,Haynesfield,2019
825,Justify,2020
826,Galileo (IRE),2020
827,Accelerate,2020
828,Gun Runner,2020
829,Into Mischief,2020
830,Uncle Mo,2020
831,Quality Road,2020
832,Empire Maker,2020
833,Constitution,2020
834,Mendelssohn,2020
835,West Coast,2020
836,Pioneerof the Nile,2020
837,War Front,2020
838,Speightstown,2020
839,Medaglia d'Oro,2020
840,American Pharoah,2020
841,Arrogate,2020
842,Curlin,2020
843,Fastnet Rock (AUS),2020
844,No Nay Never,2020
845,Street Sense,2020
846,Violence,2020
847,Tapit,2020
848,Connect,2020
849,Mastery,2020
850,Hard Spun,2020
851,First Samurai,2020
852,Good Magic,2020
853,City of Light,2020
854,Kitten's Joy,2020
855,Maclean's Music,2020
856,Distorted Humor,2020
857,Nyquist,2020
858,More Than Ready,2020
859,Frosted,2020
860,Honor Code,2020
861,Noble Mission (GB),2020
862,Zoffany (IRE),2020
863,Candy Ride (ARG),2020
864,Tapwrit,2020
865,Flatter,2020
866,Malibu Moon,2020
867,Union Rags,2020
868,Munnings,2020
869,Bolt d'Oro,2020
870,Ghostzapper,2020
871,Not This Time,2020
872,Twirling Candy,2020
873,Kingman (GB),2020
874,Blame,2020
875,Churchill (IRE),2020
876,Lope de Vega (IRE),2020
877,Collected,2020
878,Australia (GB),2020
879,Bernardini,2020
880,Liam's Map,2020
881,Karakontie (JPN),2020
882,Oscar Performance,2020
883,Practical Joke,2020
884,Mastercraftsman ,2020
885,Classic Empire,2020
886,Kantharos,2020
887,Mo Town,2020
888,Star Guitar,2020
889,Runhappy,2020
890,Lemon Drop Kid,2020
891,Wootton Bassett (GB),2020
892,Caravaggio,2020
893,Midnight Lute,2020
894,Highland Reel (IRE),2020
895,Cairo Prince,2020
896,Always Dreaming,2020
897,Gormley,2020
898,Creative Cause,2020
899,Tiznow,2020
900,Jimmy Creed,2020
901,Cross Traffic,2020
902,Saxon Warrior (JPN),2020
903,Lord Nelson,2020
904,American Freedom,2020
905,Protonico,2020
906,Army Mule,2020
907,Sharp Azteca,2020
908,Goldencents,2020
909,Le Havre (IRE),2020
910,Midnight Storm,2020
911,Mor Spirit,2020
912,McCraken,2020
913,Good Samaritan,2020
914,Unified,2020
915,Street Boss,2020
916,Midshipman,2020
917,Laoban,2020
918,English Channel,2020
919,Lookin At Lucky,2020
920,Dialed In,2020
921,Cupid,2020
922,Klimt,2020
923,Shackleford,2020
924,Outwork,2020
925,Palace Malice,2020
926,The Factor,2020
927,Alternation,2020
928,Super Saver,2020
929,California Chrome,2020
930,Tonalist,2020
931,Girvin,2020
932,Tapiture,2020
933,Mshawish,2020
934,Ransom the Moon,2020
935,Shaman Ghost,2020
936,Tale of the Cat,2020
937,Mineshaft,2020
938,Mohaymen,2020
939,Astern (AUS),2020
940,Get Stormy,2020
941,Congrats,2020
942,Speightster,2020
943,Hit It a Bomb,2020
944,Brody's Cause,2020
945,Summer Front,2020
946,Funtastic,2020
947,Cloud Computing,2020
948,Mucho Macho Man,2020
949,Carpe Diem,2020
950,Exaggerator,2020
951,Macho Uno,2020
952,Broken Vow,2020
953,Upstart,2020
954,Keen Ice,2020
955,Air Force Blue,2020
956,Tamarkuz,2020
957,Lea,2020
958,Tapizar,2020
959,Flintshire (GB),2020
960,Daredevil,2020
961,Free Drop Billy,2020
962,Competitive Edge,2020
963,Bayern,2020
964,Perfect Soul (IRE),2020
965,Paynter,2020
966,Mr Speaker,2020
967,Union Jackson,2020
968,Fast Anna,2020
969,Destin,2020
970,Animal Kingdom,2020
971,Can the Man,2020
972,Tale of Verve,2020
973,Temple City,2020
974,Point of Entry,2020
975,Commissioner,2020
976,Will Take Charge,2020
977,Tu Brutus (CHI),2020
978,Fed Biz,2020
979,Afleet Alex,2020
980,Silent Name (JPN),2020
981,Palace,2020
982,Sky Mesa,2020
983,Overanalyze,2020
984,Trappe Shot,2020
985,Orb,2020
986,Ironicus,2020
987,Anchor Down,2020
988,Awesome Slew,2020
989,Race Day,2020
990,Bee Jersey,2020
991,Tom's Ready,2020
992,Wicked Strong,2020
993,Mark Valeski,2020
994,Caleb's Posse,2020
995,Algorithms,2020
996,Bodemeister,2020
997,Mizzen Mast,2020
998,Tourist,2020
999,Divining Rod,2020
1000,Bird Song,2020
1001,Dominus,2020
1002,Firing Line,2020
1003,Mission Impazible,2020
1004,Niagara Causeway,2020
1005,Cinco Charlie,2020
1006,Real Solution,2020
1007,Behesht (FR),2020
1008,Tale of Ekati,2020
1009,Frac Daddy,2020
1010,Sky Kingdom,2020
1011,Java's War,2020
1012,Jack Milton,2020
1013,Producer (GB),2020
1014,Aikenite,2020
1015,Bal a Bali (BRZ),2020
1016,Frank Conversation,2020
1017,Bradester,2020
1018,Biogenic,2020
1019,Daddy Long Legs,2020
1020,Majestic City,2020
1021,Include,2020
1022,Not Bourbon,2020
1023,Bucchero,2020
1024,Grey Swallow (IRE),2020
1025,Stormy Atlantic,2020
1026,Optimizer,2020
1027,Shakin It Up,2020
1028,Fort Larned,2020
1029,Candy Ride (ARG),2021
1030,Arrogate,2021
1031,Pioneerof the Nile,2021
1032,Medaglia d'Oro,2021
1033,War Front,2021
1034,Curlin,2021
1035,Classic Empire,2021
1036,Gun Runner,2021
1037,Quality Road,2021
1038,Constitution,2021
1039,Ghostzapper,2021
1040,American Pharoah,2021
1041,Practical Joke,2021
1042,Nyquist,2021
1043,Malibu Moon,2021
1044,More Than Ready,2021
1045,Speightstown,2021
1046,Flatter,2021
1047,Kitten's Joy,2021
1048,Tapit,2021
1049,Uncle Mo,2021
1050,Runhappy,2021
1051,Street Sense,2021
1052,Distorted Humor,2021
1053,Into Mischief,2021
1054,California Chrome,2021
1055,Empire Maker,2021
1056,Not This Time,2021
1057,Dark Angel (IRE),2021
1058,Union Rags,2021
1059,Honor Code,2021
1060,Cairo Prince,2021
1061,Bernardini,2021
1062,Connect,2021
1063,No Nay Never,2021
1064,Klimt,2021
1065,Mastery,2021
1066,Frosted,2021
1067,Galileo (IRE),2021
1068,Awesome Again,2021
1069,New Year's Day,2021
1070,Caravaggio,2021
1071,Churchill (IRE),2021
1072,Air Force Blue,2021
1073,Declaration of War,2021
1074,Frankel (GB),2021
1075,Hard Spun,2021
1076,Tiznow,2021
1077,Optimizer,2021
1078,First Samurai,2021
1079,Blame,2021
1080,Liam's Map,2021
1081,Tonalist,2021
1082,Street Boss,2021
1083,Munnings,2021
1084,Maclean's Music,2021
1085,Lemon Drop Kid,2021
1086,Cupid,2021
1087,Dialed In,2021
1088,Twirling Candy,2021
1089,Lord Nelson,2021
1090,Speightster,2021
1091,Super Saver,2021
1092,Keen Ice,2021
1093,Brody's Cause,2021
1094,Violence,2021
1095,Midnight Storm,2021
1096,Noble Mission (GB),2021
1097,Will Take Charge,2021
1098,Kantharos,2021
1099,Creative Cause,2021
1100,Mineshaft,2021
1101,Unified,2021
1102,Upstart,2021
1103,Kingman (GB),2021
1104,Exaggerator,2021
1105,English Channel,2021
1106,Astern (AUS),2021
1107,Summer Front,2021
1108,Mohaymen,2021
1109,American Freedom,2021
1110,Flintshire (GB),2021
1111,Outwork,2021
1112,Goldencents,2021
1113,Gormley,2021
1114,Temple City,2021
1115,Palace Malice,2021
1116,Carpe Diem,2021
1117,Midnight Lute,2021
1118,Broken Vow,2021
1119,Jimmy Creed,2021
1120,Mr Speaker,2021
1121,Bodemeister,2021
1122,Battle of Midway,2021
1123,Congrats,2021
1124,Vancouver (AUS),2021
1125,Mizzen Mast,2021
1126,Shackleford,2021
1127,Anchor Down,2021
1128,Lea,2021
1129,Lookin At Lucky,2021
1130,Midshipman,2021
1131,Marcel (IRE),2021
1132,Myboycharlie (IRE),2021
1133,Point of Entry,2021
1134,Tamarkuz,2021
1135,Cross Traffic,2021
1136,Tapiture,2021
1137,Daredevil,2021
1138,Hit It a Bomb,2021
1139,Orb,2021
1140,Competitive Edge,2021
1141,Bayern,2021
1142,Firing Line,2021
1143,Tapizar,2021
1144,Tourist,2021
1145,Star Guitar,2021
1146,Mucho Macho Man,2021
1147,Bal a Bali (BRZ),2021
1148,Karakontie (JPN),2021
1149,Big Blue Kitten,2021
1150,Commissioner,2021
1151,Sky Mesa,2021
1152,Tale of the Cat,2021
1153,Shaman Ghost,2021
1154,Get Stormy,2021
1155,Algorithms,2021
1156,Run Away and Hide,2021
1157,Fast Anna,2021
1158,Wicked Strong,2021
1159,Trappe Shot,2021
1160,Fed Biz,2021
1161,Animal Kingdom,2021
1162,Overanalyze,2021
1163,Northern Afleet,2021
1164,Alpha,2021
1165,Tale of Ekati,2021
1166,Verrazano,2021
1167,Uncaptured,2021
1168,Stormy Atlantic,2021
1169,Square Eddie,2021
1170,Warrior's Reward,2021
1171,Can the Man,2021
1172,Strong Mandate,2021
1173,Shanghai Bobby,2021
1174,Silent Name (JPN),2021
1175,War Dancer,2021
1176,We Miss Artie,2021
1177,Mark Valeski,2021
1178,Mshawish,2021
1179,Kobe's Back,2021
1180,Freud,2021
1181,Majestic City,2021
1182,Include,2021
1183,Justin Phillip,2021
1184,Race Day,2021
1185,Daaher,2021
1186,Court Vision,2021
1187,Jack Milton,2021
1188,Bird Song,2021
1189,Afleet Alex,2021
1190,Successful Appeal,2021
1191,Union Jackson,2021
1192,Texas Red,2021
1193,Smarty Jones,2021
1194,Java's War,2021
1195,Oxbow,2021
1196,Big Brown,2021
1197,Wildcat Red,2021
1198,Biogenic,2021
1199,Tom's Ready,2021
1200,Jersey Town,2021
1201,Not Bourbon,2021
1202,Hunters Bay,2021
1203,Too Much Bling,2021
1204,Ironicus,2021
1205,The Big Beast,2021
1206,Greenpointcrusader,2021
1207,Normandy Invasion,2021
1208,Danzing Candy,2021
1209,Perfect Soul (IRE),2021
1210,Flashback,2021
1211,Laoban,2021
1212,War Correspondent,2021
1213,Notional,2021
1214,Secret Circle,2021
1215,Fort Larned,2021
1216,Alternation,2021
1217,Perfect Timber,2021
1218,Paynter,2021
1219,Sky Kingdom,2021
1220,Airoforce,2021
1221,Palace,2021
1222,Treasure Beach (GB),2021
1223,Mo Tom,2021
1224,Divining Rod,2021
1225,Capo Bastone,2021
1226,Revolutionary,2021
1227,Real Solution,2021
1228,Macho Uno,2021
1229,Musketier (GER),2021
1230,American Pharoah,2022
1231,Bernardini,2022
1232,Speightstown,2022
1233,Distorted Humor,2022
1234,Carpe Diem,2022
1235,Tapit,2022
1236,Honor Code,2022
1237,Empire Maker,2022
1238,Kitten's Joy,2022
1239,Declaration of War,2022
1240,More Than Ready,2022
1241,Palace Malice,2022
1242,War Front,2022
1243,Quality Road,2022
1244,Street Sense,2022
1245,Pioneerof the Nile,2022
1246,Into Mischief,2022
1247,Tonalist,2022
1248,Will Take Charge,2022
1249,Medaglia d'Oro,2022
1250,Karakontie (JPN),2022
1251,Uncle Mo,2022
1252,Ghostzapper,2022
1253,Liam's Map,2022
1254,Tiznow,2022
1255,Fed Biz,2022
1256,Constitution,2022
1257,Union Rags,2022
1258,City Zip,2022
1259,Candy Ride (ARG),2022
1260,Flatter,2022
1261,Animal Kingdom,2022
1262,Blame,2022
1263,Super Saver,2022
1264,Curlin,2022
1265,Mineshaft,2022
1266,Hard Spun,2022
1267,Lemon Drop Kid,2022
1268,Shanghai Bobby,2022
1269,Galileo (IRE),2022
1270,Bodemeister,2022
1271,Lea,2022
1272,Munnings,2022
1273,Mucho Macho Man,2022
1274,Malibu Moon,2022
1275,Cairo Prince,2022
1276,Awesome Again,2022
1277,Temple City,2022
1278,Violence,2022
1279,Orb,2022
1280,Noble Mission (GB),2022
1281,Giant's Causeway,2022
1282,Commissioner,2022
1283,Creative Cause,2022
1284,Flat Out,2022
1285,Maclean's Music,2022
1286,Congrats,2022
1287,Street Boss,2022
1288,Cross Traffic,2022
1289,Midnight Lute,2022
1290,Tale of the Cat,2022
1291,Elusive Quality,2022
1292,Frankel (GB),2022
1293,Verrazano,2022
1294,English Channel,2022
1295,Bayern,2022
1296,Mr Speaker,2022
1297,Daredevil,2022
1298,Gleneagles (IRE),2022
1299,Take Charge Indy,2022
1300,Summer Front,2022
1301,Zoffany (IRE),2022
1302,Twirling Candy,2022
1303,Graydar,2022
1304,Tale of Ekati,2022
1305,First Samurai,2022
1306,Include,2022
1307,Paynter,2022
1308,Strong Mandate,2022
1309,Tapiture,2022
1310,Kantharos,2022
1311,Shackleford,2022
1312,Palace,2022
1313,Dialed In,2022
1314,Lookin At Lucky,2022
1315,Competitive Edge,2022
1316,Wicked Strong,2022
1317,Goldencents,2022
1318,Sky Mesa,2022
1319,The Factor,2022
1320,Fort Larned,2022
1321,Point of Entry,2022
1322,Tapizar,2022
1323,Fast Anna,2022
1324,Conquest Curlinate,2022
1325,Midshipman,2022
1326,Revolutionary,2022
1327,Broken Vow,2022
1328,Colonel John,2022
1329,Macho Uno,2022
1330,Secret Circle,2022
1331,Majesticperfection,2022
1332,Mizzen Mast,2022
1333,Stormy Atlantic,2022
1334,Gemologist,2022
1335,Medal Count,2022
1336,Warrior's Reward,2022
1337,Proud Citizen,2022
1338,Algorithms,2022
1339,Danza,2022
1340,Oxbow,2022
1341,Data Link,2022
1342,Jack Milton,2022
1343,Race Day,2022
1344,Get Stormy,2022
1345,Itsmyluckyday,2022
1346,Astrology,2022
1347,Frac Daddy,2022
1348,Run Away and Hide,2022
1349,Jimmy Creed,2022
1350,Justin Phillip,2022
1351,Stay Thirsty,2022
1352,Society's Chairman,2022
1353,Overanalyze,2022
1354,Alternation,2022
1355,Liaison,2022
1356,Magician (IRE),2022
1357,Archarcharch,2022
1358,To Honor and Serve,2022
1359,Shakin It Up,2022
1360,Flashback,2022
1361,Dominus,2022
1362,Sky Kingdom,2022
1363,Atreides,2022
1364,Successful Appeal,2022
1365,Northern Afleet,2022
1366,Afleet Alex,2022
1367,Girolamo,2022
1368,Handsome Mike,2022
1369,Mark Valeski,2022
1370,Istan,2022
1371,Discreet Cat,2022
1372,Trappe Shot,2022
1373,Morning Line,2022
1374,Central Banker,2022
1375,Silver Max,2022
1376,Conveyance,2022
1377,Jersey Town,2022
1378,Mission Impazible,2022
1379,Backtalk,2022
1380,Alpha,2022
1381,Birdstone,2022
1382,Hampton Court (AUS),2022
1383,Custom for Carlos,2022
1384,Big Brown,2022
1385,New Year's Day,2022
1386,Real Solution,2022
1387,Can the Man,2022
1388,Uncaptured,2022
1389,Red Rocks (IRE),2022
1390,Raison d'Etat,2022
1391,First Defence,2022
1392,Aikenite,2022
1393,Japan,2022
1394,Perfect Soul (IRE),2022
1395,Americain,2022
1396,Grey Swallow (IRE),2022
1397,Soldat,2022
1398,Micromanage,2022
1399,Sidney's Candy,2022
1400,Haynesfield,2022
1401,Gio Ponti,2022
1402,He's Had Enough,2022
1403,Giacomo,2022
1404,Line of David,2022
1405,Dunkerque (FR),2022
1406,Mr. Sidney,2022
1407,Majestic City,2022
1408,Tizway,2022
1409,Albertus Maximus,2022
1410,The Big Beast,2022
1411,Revolving,2022
1412,Artie Schiller,2022
1413,Musketier (GER),2022
1414,Caleb's Posse,2022
1415,Stroll,2022
1416,Awesome of Course,2022
1417,Langfuhr,2022
1418,Daaher,2022
1419,Chitu,2022
1420,Normandy Invasion,2022
1421,General Quarters,2022
1422,Seek Again,2022
1423,Holiday Promise,2022
1424,Notional,2022
1425,Snapy Halo (ARG),2022
1426,Hakassan (CHI),2022
1427,Even the Score,2022
1428,Kettle Corn,2022
1429,Power Broker,2022
1430,Awesome Patriot,2022
1431,Paddy O'Prado,2022
1432,Gauntlet,2022
1433,Golden Ticket,2022
1434,Magna Graduate,2022
1435,Blueskiesnrainbows,2022
1436,Smarty Jones,2022
1437,War Command,2022
1438,Daddy Long Legs,2022
1439,Slew's Tiznow,2022
1440,Capo Bastone,2022
1441,Court Vision,2022
1442,I Want Revenge,2022
1443,Bellamy Road,2022
1444,Skipshot,2022
1445,Ready's Image,2022
1446,Grasshopper,2022
1447,Dunkirk,2022
